situacao,tipo,pt,en,zh,notas_2026
banco,vocabulário,abrir uma conta à ordem,to open a current account,開一個活期帳戶,
banco,vocabulário,o IBAN,IBAN (bank account number),IBAN（國際銀行帳號）,"Needed for salary, rent, utilities"
banco,vocabulário,o cartão multibanco,debit card (Multibanco),多功能提款卡（Multibanco）,
banco,vocabulário,o cartão de débito / de crédito,debit card / credit card,扣賬卡／信用卡,
banco,vocabulário,o extrato bancário,bank statement,銀行對帳單,Often requested as proof of funds
banco,vocabulário,a transferência bancária,bank transfer,銀行轉帳,
banco,vocabulário,levantar dinheiro,to withdraw money,提款,
banco,vocabulário,depositar dinheiro,to deposit money,存款,
banco,vocabulário,o saldo,account balance,帳戶餘額,
banco,vocabulário,a comissão de manutenção,account maintenance fee,帳戶管理費,
banco,vocabulário,o comprovativo de morada,proof of address,住址證明,"Utility bill, rental contract or junta attestation"
banco,vocabulário,o titular da conta,account holder,帳戶持有人,
banco,vocabulário,o homebanking / a app do banco,online banking / banking app,網上銀行／銀行應用程式,
banco,vocabulário,o código PIN,PIN code,密碼（PIN碼）,
banco,script,"Boa tarde, queria abrir uma conta à ordem.","Good afternoon, I'd like to open a current account.",下午好，我想開一個活期帳戶。,
banco,script,"Com certeza. Tem o passaporte, o NIF e um comprovativo de morada?","Of course. Do you have your passport, tax number and proof of address?",當然可以。您有護照、稅號和住址證明嗎？,
banco,script,"Tenho, está tudo aqui.","Yes, it's all here.",有，都在這裡。,
banco,script,É preciso um depósito inicial. Pode ser em numerário ou por transferência.,An initial deposit is required. It can be in cash or by transfer.,需要一筆開戶存款，可以用現金或轉帳。,
banco,script,Quanto é a comissão de manutenção mensal?,How much is the monthly maintenance fee?,每月的帳戶管理費是多少？,
banco,script,O cartão multibanco chega por correio dentro de uma a duas semanas.,The debit card arrives by post within one to two weeks.,提款卡會在一到兩週內郵寄給您。,
banco,script,Como ativo o homebanking?,How do I activate online banking?,我怎樣開通網上銀行？,
banco,script,Recebe um SMS com o código de ativação para a app.,You'll receive an SMS with the activation code for the app.,您會收到一條含應用程式啟用碼的短信。,
banco,cheat_sheet,"Queria abrir uma conta, por favor.","I'd like to open an account, please.",我想開個帳戶，麻煩您。,
banco,cheat_sheet,"Trago o passaporte, o NIF e o comprovativo de morada.","I have my passport, NIF and proof of address with me.",我帶了護照、稅號和住址證明。,
banco,cheat_sheet,Qual é o valor mínimo do depósito inicial?,What is the minimum initial deposit?,開戶最低存款是多少？,
banco,cheat_sheet,Há comissões mensais nesta conta?,Are there monthly fees on this account?,這個帳戶有月費嗎？,
banco,cheat_sheet,Pode dar-me o comprovativo do IBAN?,Could you give me proof of my IBAN?,可以給我一份IBAN證明嗎？,
banco,cheat_sheet,Quando chega o cartão?,When will the card arrive?,卡什麼時候寄到？,
financas,vocabulário,o NIF (número de identificação fiscal),NIF (tax identification number),NIF（稅務識別號碼）,First document most newcomers need
financas,vocabulário,pedir o NIF,to apply for a NIF,申請稅號,
financas,vocabulário,o representante fiscal,tax representative,稅務代表,Only required for non-EU residents without PT address
financas,vocabulário,a Autoridade Tributária (AT),Tax Authority,稅務局,
financas,vocabulário,o Portal das Finanças,the Finanças online portal,財政入口網站,Password sent by post after registration
financas,vocabulário,a senha de acesso,access password (portal login),登入密碼,
financas,vocabulário,tirar a senha,to take a queue ticket,取號（排隊票）,Same word 'senha' = ticket AND password
financas,vocabulário,a declaração de IRS,income tax return,個人所得稅申報表,
financas,vocabulário,o domicílio fiscal,registered tax address,稅務登記地址,
financas,vocabulário,atualizar a morada,to update one's address,更新地址,
financas,vocabulário,o comprovativo de morada,proof of address,住址證明,
financas,vocabulário,a certidão de residência fiscal,certificate of tax residency,稅務居民證明,
financas,vocabulário,as guias de pagamento,payment slips,繳費單,
financas,script,"Bom dia, vim pedir o NIF.","Good morning, I've come to apply for a tax number.",早上好，我來申請稅號。,
financas,script,Tem passaporte e comprovativo de morada?,Do you have your passport and proof of address?,您有護照和住址證明嗎？,
financas,script,"Tenho o passaporte, mas a morada ainda é do estrangeiro.","I have my passport, but my address is still abroad.",我有護照，但地址還是國外的。,
financas,script,Nesse caso precisa de um representante fiscal ou de uma morada em Portugal.,In that case you need a tax representative or a Portuguese address.,那樣的話，您需要一位稅務代表或一個葡萄牙地址。,
financas,script,Quanto tempo demora?,How long does it take?,需要多長時間？,
financas,script,O número é atribuído hoje mesmo. A senha do portal chega por carta.,The number is issued today. The portal password arrives by post.,號碼今天就發給您。網站密碼會郵寄到府。,
financas,script,Preciso de atualizar a minha morada fiscal.,I need to update my registered tax address.,我需要更新我的稅務登記地址。,
financas,script,"Pode fazer isso online no Portal das Finanças, com a sua senha.",You can do that online on the Finanças portal with your password.,您可以用密碼在財政網站上在線辦理。,
financas,cheat_sheet,Vim tratar do NIF.,I'm here to sort out my tax number.,我來辦理稅號。,
financas,cheat_sheet,"Onde tiro a senha, por favor?","Where do I take a queue ticket, please?",請問在哪裡取號？,
financas,cheat_sheet,Trago passaporte e comprovativo de morada.,I have my passport and proof of address.,我帶了護照和住址證明。,
financas,cheat_sheet,Preciso de representante fiscal?,Do I need a tax representative?,我需要稅務代表嗎？,
financas,cheat_sheet,A senha do portal vem por correio?,Does the portal password come by post?,網站密碼是郵寄的嗎？,
financas,cheat_sheet,Quero atualizar o meu domicílio fiscal.,I want to update my tax address.,我想更新我的稅務登記地址。,
correios,vocabulário,os correios / os CTT,the post office / CTT,郵局（CTT）,
correios,vocabulário,a carta registada,registered letter,掛號信,How official documents usually arrive
correios,vocabulário,o aviso de receção,proof of delivery (return receipt),回執（簽收證明）,
correios,vocabulário,a encomenda,parcel,包裹,
correios,vocabulário,levantar uma encomenda,to collect a parcel,領取包裹,
correios,vocabulário,o aviso de levantamento,collection notice (left in mailbox),取件通知單,
correios,vocabulário,o código de rastreio,tracking number,追蹤編號,
correios,vocabulário,o selo,stamp,郵票,
correios,vocabulário,o correio azul,priority mail,藍色優先郵件（快件）,
correios,vocabulário,enviar para o estrangeiro,to send abroad,寄往國外,
correios,vocabulário,a caixa de correio,mailbox,信箱,
correios,vocabulário,o remetente / o destinatário,sender / recipient,寄件人／收件人,
correios,script,"Boa tarde, queria enviar esta carta registada com aviso de receção.","Good afternoon, I'd like to send this letter registered with proof of delivery.",下午好，我想寄這封掛號信，要帶回執。,
correios,script,Para Portugal ou para o estrangeiro?,Within Portugal or abroad?,寄葡萄牙國內還是國外？,
correios,script,Para a China. Quanto tempo demora?,To China. How long does it take?,寄中國。需要多久？,
correios,script,"Em correio azul, cerca de uma semana. Aqui tem o código de rastreio.","By priority mail, about a week. Here's your tracking number.",用優先郵件大約一週。這是您的追蹤編號。,
correios,script,Também vim levantar uma encomenda. Tenho este aviso.,I've also come to collect a parcel. I have this notice.,我還要領一個包裹，我有這張取件通知。,
correios,script,Pode mostrar um documento de identificação?,Could you show me some ID?,可以出示一下證件嗎？,
correios,script,"Claro, aqui está o meu título de residência.","Of course, here's my residence permit.",當然，這是我的居留證。,
correios,cheat_sheet,Queria enviar esta carta registada.,I'd like to send this letter by registered mail.,我想寄這封掛號信。,
correios,cheat_sheet,"Com aviso de receção, por favor.","With proof of delivery, please.",請加回執。,
correios,cheat_sheet,Vim levantar uma encomenda — tenho o aviso.,I'm here to collect a parcel — I have the notice.,我來取包裹——我有取件通知單。,
correios,cheat_sheet,Aqui está o meu documento de identificação.,Here's my ID.,這是我的證件。,
correios,cheat_sheet,Qual é o código de rastreio?,What's the tracking number?,追蹤編號是多少？,
correios,cheat_sheet,Quanto custa enviar para o estrangeiro?,How much does it cost to send abroad?,寄國外要多少錢？,
junta_de_freguesia,vocabulário,a junta de freguesia,parish council office,堂區行政委員會（社區辦事處）,Most local level of government
junta_de_freguesia,vocabulário,o atestado de residência,certificate of residence,居住證明書,Key doc for SNS number without residence permit
junta_de_freguesia,vocabulário,as duas testemunhas,two witnesses,兩名證人,Neighbours registered in the same freguesia
junta_de_freguesia,vocabulário,recenseado na freguesia,registered (on the electoral roll) in the parish,在本堂區登記在冊的,
junta_de_freguesia,vocabulário,o agregado familiar,household,家庭成員（同戶）,
junta_de_freguesia,vocabulário,a declaração sob compromisso de honra,sworn declaration,誓詞聲明（保證聲明）,
junta_de_freguesia,vocabulário,o contrato de arrendamento,rental contract,租賃合同,
junta_de_freguesia,vocabulário,a certidão,certificate / official copy,證明書／正式副本,
junta_de_freguesia,vocabulário,o carimbo,official stamp,公章,
junta_de_freguesia,vocabulário,pagar uma taxa,to pay a fee,繳納費用,
junta_de_freguesia,script,"Bom dia, preciso de um atestado de residência.","Good morning, I need a certificate of residence.",早上好，我需要一份居住證明。,
junta_de_freguesia,script,Mora nesta freguesia há quanto tempo?,How long have you lived in this parish?,您在本堂區住了多久？,
junta_de_freguesia,script,Há quatro meses. É para pedir o número de utente.,Four months. It's to apply for my health service number.,四個月了。是為了申請醫療用戶號。,
junta_de_freguesia,script,Tem contrato de arrendamento ou duas testemunhas recenseadas aqui?,Do you have a rental contract or two witnesses registered here?,您有租賃合同，或兩位在此登記的證人嗎？,
junta_de_freguesia,script,Tenho o contrato de arrendamento e uma fatura da luz.,I have the rental contract and an electricity bill.,我有租賃合同和一張電費單。,
junta_de_freguesia,script,"Ótimo. Preencha este formulário e pague a taxa, por favor.","Great. Fill in this form and pay the fee, please.",很好。請填寫這張表格並繳費。,
junta_de_freguesia,script,Quando fica pronto?,When will it be ready?,什麼時候可以拿？,
junta_de_freguesia,script,"Fica pronto hoje, com o carimbo da junta.","It'll be ready today, with the parish stamp.",今天就好，會蓋上堂區公章。,
junta_de_freguesia,cheat_sheet,"Preciso de um atestado de residência, por favor.","I need a certificate of residence, please.",我需要一份居住證明，麻煩您。,
junta_de_freguesia,cheat_sheet,Moro nesta freguesia há X meses.,I've lived in this parish for X months.,我在本堂區住了X個月。,
junta_de_freguesia,cheat_sheet,Trago o contrato de arrendamento.,I have my rental contract with me.,我帶了租賃合同。,
junta_de_freguesia,cheat_sheet,"Posso trazer duas testemunhas, se for preciso.",I can bring two witnesses if necessary.,如有需要，我可以帶兩位證人來。,
junta_de_freguesia,cheat_sheet,Quanto custa e quando fica pronto?,How much is it and when will it be ready?,多少錢？什麼時候能拿？,
saude,vocabulário,o número de utente,SNS user number,醫療用戶號（Utente號）,Assigned at your local centro de saúde
saude,vocabulário,inscrever-se no centro de saúde,to register at the health centre,在衛生中心登記,
saude,vocabulário,o médico de família,family doctor (GP),家庭醫生,"May be waitlisted; you're assigned, not chosen"
saude,vocabulário,marcar uma consulta,to book an appointment,預約門診,
saude,vocabulário,a receita (eletrónica),(electronic) prescription,（電子）處方,Sent by SMS; show code at pharmacy
saude,vocabulário,a urgência,A&E / emergency department,急診,
saude,vocabulário,o SNS 24 — 808 24 24 24,SNS 24 health line,SNS 24健康熱線（808 24 24 24）,Call BEFORE going to A&E for triage advice
saude,vocabulário,o 112,112 (emergency number),112（緊急救援電話）,
saude,vocabulário,a triagem (pulseira),triage (coloured wristband),分診（顏色手環）,"Wristband colour = urgency level, sets your wait"
saude,vocabulário,a baixa médica,sick leave certificate,病假證明,
saude,vocabulário,a farmácia,pharmacy,藥房,
saude,vocabulário,o boletim de vacinas,vaccination record,疫苗接種記錄,
saude,vocabulário,Dói-me…,… hurts / I have pain in…,我……痛,
saude,vocabulário,sou alérgico/a a…,I'm allergic to…,我對……過敏,
saude,script,"Boa tarde, queria inscrever-me no centro de saúde e pedir o número de utente.","Good afternoon, I'd like to register at the health centre and get my SNS number.",下午好，我想在衛生中心登記並申請醫療用戶號。,
saude,script,Tem autorização de residência e NIF?,Do you have a residence permit and tax number?,您有居留許可和稅號嗎？,
saude,script,"Ainda não tenho autorização, mas tenho um atestado de residência da junta.","I don't have a permit yet, but I have a residence certificate from the parish council.",我還沒有居留許可，但我有堂區開的居住證明。,
saude,script,Serve. O número de utente é atribuído já hoje.,That works. Your user number is issued today.,可以。用戶號今天就發給您。,
saude,script,Queria marcar uma consulta com o médico de família.,I'd like to book an appointment with the family doctor.,我想預約家庭醫生。,
saude,script,De momento está em lista de espera para médico de família.,At the moment you're on the waiting list for a family doctor.,目前您在家庭醫生的等候名單上。,
saude,script,E se ficar doente entretanto?,And if I get sick in the meantime?,那期間生病了怎麼辦？,
saude,script,Ligue para o SNS 24 — 808 24 24 24 — antes de ir à urgência.,Call SNS 24 — 808 24 24 24 — before going to A&E.,去急診前先打SNS 24熱線——808 24 24 24。,
saude,cheat_sheet,Queria inscrever-me e pedir o número de utente.,I'd like to register and get my SNS number.,我想登記並申請醫療用戶號。,
saude,cheat_sheet,Tenho atestado de residência e NIF.,I have a residence certificate and tax number.,我有居住證明和稅號。,
saude,cheat_sheet,"Queria marcar uma consulta, por favor.","I'd like to book an appointment, please.",我想預約門診，麻煩您。,
saude,cheat_sheet,É urgente — dói-me muito o/a…,It's urgent — my … hurts badly.,很緊急——我的……很痛。,
saude,cheat_sheet,Sou alérgico/a a penicilina.,I'm allergic to penicillin.,我對青黴素過敏。,
saude,cheat_sheet,SNS 24: 808 24 24 24 · Emergência: 112,SNS 24: 808 24 24 24 · Emergency: 112,健康熱線：808 24 24 24 · 緊急救援：112,
aima,vocabulário,a AIMA,"AIMA (Agency for Integration, Migration and Asylum)",移民與庇護融合署（AIMA）,Replaced SEF in Oct 2023
aima,vocabulário,a autorização de residência (AR),residence permit,居留許可,
aima,vocabulário,o título de residência,residence card (the physical document),居留證（實體證件）,
aima,vocabulário,a renovação,renewal,續期,"Apply from 90 days, up to 30 days before expiry"
aima,vocabulário,o Portal das Renovações,the online Renewals Portal,線上續期平台,portal-renovacoes.aima.gov.pt; opened month by month
aima,vocabulário,a marcação / o agendamento,appointment / booking,預約,
aima,vocabulário,a recolha de dados biométricos,biometric data collection,採集生物識別資料（按指紋等）,
aima,vocabulário,o comprovativo de meios de subsistência,proof of means of subsistence,生活來源證明,"Work contract, payslips or bank statement"
aima,vocabulário,o registo criminal,criminal record (check),無犯罪記錄,Consent for lookup usually given at the counter
aima,vocabulário,o reagrupamento familiar,family reunification,家庭團聚,
aima,vocabulário,o processo pendente,pending case/process,待處理的申請,
aima,vocabulário,caducado/a,expired,已過期,AR expired <6 months can still renew
aima,vocabulário,as taxas,fees,費用,
aima,script,"Bom dia, tenho uma marcação para renovar a autorização de residência.","Good morning, I have an appointment to renew my residence permit.",早上好，我有續居留許可的預約。,
aima,script,Pode mostrar o título de residência e o passaporte?,Can you show me your residence card and passport?,可以出示您的居留證和護照嗎？,
aima,script,Aqui estão. Também trouxe o comprovativo de morada e os recibos de vencimento.,Here they are. I also brought proof of address and my payslips.,在這裡。我還帶了住址證明和工資單。,
aima,script,Autoriza a consulta do seu registo criminal?,Do you authorise us to check your criminal record?,您授權我們查詢您的無犯罪記錄嗎？,
aima,script,"Sim, autorizo.","Yes, I do.",是的，我授權。,
aima,script,Vamos agora recolher os dados biométricos.,We'll now collect your biometric data.,現在我們採集您的生物識別資料。,
aima,script,Quando recebo o novo título?,When will I receive the new card?,新證件什麼時候能拿到？,
aima,script,É enviado por correio para a sua morada. Guarde o comprovativo do pedido.,It's sent by post to your address. Keep the proof of application.,會郵寄到您的地址。請保存好申請憑證。,
aima,cheat_sheet,"Tenho marcação às [hora], em nome de [nome].","I have an appointment at [time], under the name [name].",我有[時間]的預約，名字是[姓名]。,
aima,cheat_sheet,Venho renovar a autorização de residência.,I'm here to renew my residence permit.,我來續居留許可。,
aima,cheat_sheet,"Trago passaporte, título, comprovativo de morada e recibos.","I have my passport, residence card, proof of address and payslips.",我帶了護照、居留證、住址證明和工資單。,
aima,cheat_sheet,Autorizo a consulta do registo criminal.,I authorise the criminal record check.,我授權查詢無犯罪記錄。,
aima,cheat_sheet,O meu processo está pendente — este é o comprovativo.,My case is pending — here's the proof.,我的申請還在處理中——這是憑證。,
aima,cheat_sheet,Podem confirmar a minha morada no sistema?,Can you confirm my address in the system?,可以確認一下系統裡我的地址嗎？,
escola,vocabulário,a matrícula,enrolment,入學註冊,
escola,vocabulário,o Portal das Matrículas,the online enrolment portal,入學註冊網站,portaldasmatriculas.edu.gov.pt
escola,vocabulário,o encarregado de educação,legal guardian (for school purposes),教育監護人,Usually a parent; the school's official contact
escola,vocabulário,o agrupamento de escolas,school cluster,學校群（校區聯盟）,
escola,vocabulário,a escola da área de residência,the school for your home address,居住地劃片學校,
escola,vocabulário,o ano letivo,school year,學年,
escola,vocabulário,o boletim de vacinas,vaccination record,疫苗接種記錄,
escola,vocabulário,a Ação Social Escolar (ASE),school social support (meals/books subsidy),學校社會援助（餐費/教材補助）,Linked to abono de família escalão; needs NISS
escola,vocabulário,o abono de família,family allowance,家庭津貼,
escola,vocabulário,os manuais escolares,textbooks,教科書,Free in public schooling
escola,vocabulário,o horário,timetable,課程表,
escola,vocabulário,a reunião de pais,parents' meeting,家長會,
escola,vocabulário,o ATL,after-school care,課後託管,
escola,vocabulário,a cantina / o refeitório,school canteen,學校食堂,
escola,script,"Bom dia, queria matricular a minha filha na escola.","Good morning, I'd like to enrol my daughter in school.",早上好，我想給女兒辦理入學註冊。,
escola,script,"A matrícula faz-se online, no Portal das Matrículas. Precisa de ajuda?","Enrolment is done online, on the enrolment portal. Do you need help?",註冊在入學網站上在線辦理。需要幫忙嗎？,
escola,script,"Sim, por favor. Que documentos são precisos?","Yes, please. What documents are needed?",好的，麻煩您。需要哪些文件？,
escola,script,"Documento de identificação da criança, número de utente, boletim de vacinas e comprovativo de morada.","The child's ID, health number, vaccination record and proof of address.",孩子的身份證件、醫療用戶號、疫苗記錄和住址證明。,
escola,script,Ela pode ter apoio para as refeições?,Can she get support for school meals?,她可以申請餐費補助嗎？,
escola,script,"Sim, através da Ação Social Escolar — precisa do NISS e do escalão do abono.","Yes, through school social support — you need her NISS and the family allowance bracket.",可以，通過學校社會援助——需要她的社保號和家庭津貼等級。,
escola,script,Quando começam as aulas?,When do classes start?,什麼時候開學？,
escola,script,Em setembro. A lista de turmas sai no portal e na escola.,In September. Class lists are published on the portal and at the school.,九月。班級名單會在網站和學校公佈。,
escola,cheat_sheet,Venho matricular o meu filho / a minha filha.,I'm here to enrol my son / daughter.,我來給兒子／女兒辦入學註冊。,
escola,cheat_sheet,Sou o encarregado / a encarregada de educação.,I'm the legal guardian.,我是教育監護人。,
escola,cheat_sheet,Trago o boletim de vacinas e o número de utente.,I have the vaccination record and health number.,我帶了疫苗記錄和醫療用戶號。,
escola,cheat_sheet,Queria pedir a Ação Social Escolar.,I'd like to apply for school social support.,我想申請學校社會援助。,
escola,cheat_sheet,Qual é a escola da nossa área de residência?,Which is the school for our home address?,我們住址對應的學校是哪一所？,
escola,cheat_sheet,Quando sai a lista de turmas?,When is the class list published?,班級名單什麼時候公佈？,
iefp,vocabulário,o IEFP / o centro de emprego,IEFP / job centre,就業與職業培訓局（就業中心）,
iefp,vocabulário,inscrever-se como candidato a emprego,to register as a jobseeker,登記為求職者,Online via iefponline or in person
iefp,vocabulário,o iefponline,the IEFP online portal,IEFP線上平台,
iefp,vocabulário,o subsídio de desemprego,unemployment benefit,失業救濟金,Register within 90 days of losing your job
iefp,vocabulário,a declaração da entidade empregadora,employer's declaration (of dismissal),僱主解僱聲明,
iefp,vocabulário,o Plano Pessoal de Emprego,Personal Employment Plan,個人就業計劃,
iefp,vocabulário,o gestor pessoal,personal case officer,個人專員,
iefp,vocabulário,a oferta de emprego,job offer / vacancy,職位空缺,
iefp,vocabulário,a formação profissional,vocational training,職業培訓,"Free courses, some with allowance"
iefp,vocabulário,o NISS (segurança social),social security number,社會保障號碼（NISS）,
iefp,vocabulário,a convocatória,summons / official call-in,（官方）約談通知,Missing one can suspend your benefit
iefp,vocabulário,apresentar-se no centro de emprego,to report to the job centre,到就業中心報到,
iefp,vocabulário,o certificado de habilitações,qualifications certificate,學歷證明,
iefp,script,"Bom dia, queria inscrever-me como candidato a emprego.","Good morning, I'd like to register as a jobseeker.",早上好，我想登記為求職者。,
iefp,script,"Tem documento de identificação, NIF, NISS e comprovativo de morada?","Do you have ID, tax number, social security number and proof of address?",您有身份證件、稅號、社保號和住址證明嗎？,
iefp,script,Tenho tudo. Também perdi o emprego há duas semanas.,I have everything. I also lost my job two weeks ago.,都有。另外我兩週前失業了。,
iefp,script,Então pode pedir o subsídio de desemprego — o prazo é de 90 dias.,Then you can apply for unemployment benefit — the deadline is 90 days.,那您可以申請失業救濟金——期限是90天。,
iefp,script,Que documentos preciso para o subsídio?,What documents do I need for the benefit?,申請救濟金需要哪些文件？,
iefp,script,A declaração da entidade empregadora e o IBAN.,The employer's declaration and your IBAN.,僱主的解僱聲明和您的IBAN。,
iefp,script,Há cursos de formação disponíveis?,Are there training courses available?,有職業培訓課程嗎？,
iefp,script,"Sim, o seu gestor pessoal vai definir isso consigo no Plano Pessoal de Emprego.","Yes, your case officer will set that up with you in your Personal Employment Plan.",有，您的個人專員會在個人就業計劃中和您一起安排。,
iefp,cheat_sheet,Queria inscrever-me como candidato a emprego.,I'd like to register as a jobseeker.,我想登記為求職者。,
iefp,cheat_sheet,"Trago identificação, NIF, NISS e comprovativo de morada.","I have my ID, tax number, social security number and proof of address.",我帶了證件、稅號、社保號和住址證明。,
iefp,cheat_sheet,Quero pedir o subsídio de desemprego.,I want to apply for unemployment benefit.,我想申請失業救濟金。,
iefp,cheat_sheet,Tenho a declaração da entidade empregadora.,I have the employer's declaration.,我有僱主的解僱聲明。,
iefp,cheat_sheet,Estou interessado/a em formação profissional.,I'm interested in vocational training.,我對職業培訓有興趣。,
iefp,cheat_sheet,Recebi uma convocatória para esta data.,I received a summons for this date.,我收到了這個日期的約談通知。,
seguranca_social,vocabulário,a Segurança Social,Social Security,社會保障局,
seguranca_social,vocabulário,o NISS,social security number (NISS),社會保障號碼（NISS）,Needed to work legally and for benefits
seguranca_social,vocabulário,pedir o NISS,to apply for a NISS,申請社保號,
seguranca_social,vocabulário,a Segurança Social Direta,the Social Security online portal,社保線上平台,
seguranca_social,vocabulário,os descontos,(social security) contributions,社保供款（扣繳）,
seguranca_social,vocabulário,o trabalhador por conta de outrem,employee (salaried worker),受僱員工,
seguranca_social,vocabulário,o trabalhador independente,self-employed worker,自僱人士,
seguranca_social,vocabulário,os recibos verdes,'green receipts' (freelance invoicing),綠色收據（自僱開票制度）,"How cleaners, riders etc. often invoice"
seguranca_social,vocabulário,o abono de família,family allowance,家庭津貼,
seguranca_social,vocabulário,a baixa por doença,paid sick leave,病假津貼,
seguranca_social,vocabulário,a declaração de situação contributiva,statement of contributions status,供款狀況聲明,Often requested for AR renewal
seguranca_social,vocabulário,o comprovativo,proof / receipt (of application),申請憑證,
seguranca_social,script,"Bom dia, preciso de pedir o NISS para começar a trabalhar.","Good morning, I need to apply for a social security number to start working.",早上好，我需要申請社保號才能開始工作。,
seguranca_social,script,Tem contrato de trabalho ou promessa de contrato?,Do you have a work contract or a contract offer?,您有勞動合同或錄用意向書嗎？,
seguranca_social,script,Tenho o contrato assinado pela empresa.,I have the contract signed by the company.,我有公司簽好的合同。,
seguranca_social,script,Então junte o passaporte e o comprovativo de morada a este formulário.,Then attach your passport and proof of address to this form.,那請把護照和住址證明附在這張表格上。,
seguranca_social,script,Quanto tempo demora a atribuição?,How long does it take to be issued?,多久能發下來？,
seguranca_social,script,Alguns dias. Recebe o NISS por email ou carta. Guarde o comprovativo.,A few days. You'll receive the NISS by email or post. Keep the receipt.,幾天。社保號會通過郵件或信件發給您。請保存好憑證。,
seguranca_social,script,Depois posso aceder à Segurança Social Direta?,Can I then access the online portal?,之後我可以登入社保線上平台嗎？,
seguranca_social,script,"Sim, regista-se online com o NISS e recebe a senha em casa.","Yes, you register online with your NISS and receive the password at home.",可以，用社保號在線註冊，密碼會寄到家裡。,
seguranca_social,cheat_sheet,Venho pedir o NISS — tenho contrato de trabalho.,I'm here to apply for a NISS — I have a work contract.,我來申請社保號——我有勞動合同。,
seguranca_social,cheat_sheet,Trago passaporte e comprovativo de morada.,I have my passport and proof of address.,我帶了護照和住址證明。,
seguranca_social,cheat_sheet,Preciso de uma declaração de situação contributiva.,I need a statement of my contributions status.,我需要一份供款狀況聲明。,
seguranca_social,cheat_sheet,Trabalho a recibos verdes.,I work freelance (green receipts).,我是開綠色收據的自僱人士。,
seguranca_social,cheat_sheet,Como peço o abono de família?,How do I apply for the family allowance?,家庭津貼怎麼申請？,
arrendamento,vocabulário,arrendar um quarto / um apartamento,to rent a room / a flat,租一個房間／一套公寓,
arrendamento,vocabulário,o T0 / T1 / T2,studio / 1-bed / 2-bed flat,開間／一房／兩房公寓,T = number of bedrooms
arrendamento,vocabulário,o senhorio / a senhoria,landlord / landlady,房東,
arrendamento,vocabulário,o inquilino / a inquilina,tenant,房客,
arrendamento,vocabulário,a renda,the rent,租金,
arrendamento,vocabulário,a caução,deposit,押金,Usually 1–2 months' rent
arrendamento,vocabulário,o fiador,guarantor,擔保人,Often asked of newcomers without payslips
arrendamento,vocabulário,o contrato de arrendamento,rental contract,租賃合同,Needed as proof of address everywhere
arrendamento,vocabulário,o recibo de renda (eletrónico),(electronic) rent receipt,（電子）租金收據,Ask for it — proves address and protects you
arrendamento,vocabulário,despesas incluídas,bills included,包水電雜費,
arrendamento,vocabulário,mobilado / sem mobília,furnished / unfurnished,帶傢俬／不帶傢俬,
arrendamento,vocabulário,o condomínio,building service charge,大廈管理費,
arrendamento,vocabulário,rescindir o contrato,to terminate the contract,解除合同,
arrendamento,vocabulário,a visita (ao imóvel),viewing,看房,
arrendamento,script,"Boa tarde, venho ver o T1 anunciado. Ainda está disponível?","Good afternoon, I've come to see the advertised one-bed flat. Is it still available?",下午好，我來看廣告上的一房公寓。還在出租嗎？,
arrendamento,script,"Está, sim. A renda é de 850 euros, com um mês de caução.","It is. The rent is 850 euros, with one month's deposit.",還在。租金850歐元，押金一個月。,
arrendamento,script,As despesas estão incluídas?,Are bills included?,包水電雜費嗎？,
arrendamento,script,A água sim; a luz e a internet são à parte.,Water yes; electricity and internet are separate.,包水費；電費和網費另算。,
arrendamento,script,Precisa de fiador? Ainda não tenho recibos de vencimento cá.,Do you need a guarantor? I don't have payslips here yet.,需要擔保人嗎？我在這裡還沒有工資單。,
arrendamento,script,"Nesse caso pedia dois meses de caução, com contrato e recibos de renda.","In that case I'd ask for two months' deposit, with a contract and rent receipts.",那樣的話押金要兩個月，會簽合同、開租金收據。,
arrendamento,script,Combinado. Quando posso assinar o contrato?,Agreed. When can I sign the contract?,可以。什麼時候可以簽合同？,
arrendamento,cheat_sheet,Vi o anúncio — posso marcar uma visita?,I saw the listing — can I book a viewing?,我看到了廣告——可以約看房嗎？,
arrendamento,cheat_sheet,A renda inclui despesas?,Does the rent include bills?,租金包水電雜費嗎？,
arrendamento,cheat_sheet,Quanto é a caução?,How much is the deposit?,押金是多少？,
arrendamento,cheat_sheet,Faz contrato e recibos de renda?,Do you provide a contract and rent receipts?,會簽合同、開租金收據嗎？,
arrendamento,cheat_sheet,Preciso do contrato como comprovativo de morada.,I need the contract as proof of address.,我需要合同做住址證明。,
arrendamento,cheat_sheet,Com quanto tempo devo avisar antes de sair?,How much notice must I give before leaving?,退租前需要提前多久通知？,
transportes,vocabulário,o passe (navegante),travel pass (navegante),月票（navegante卡）,Lisbon area system; Porto uses Andante
transportes,vocabulário,carregar o passe,to top up the pass,給月票充值,
transportes,vocabulário,validar o bilhete,to validate the ticket,打卡驗票,Always validate — fines are heavy
transportes,vocabulário,a máquina de venda,ticket machine,售票機,
transportes,vocabulário,a carreira / a linha,bus route / line,公交線路,
transportes,vocabulário,a paragem,stop,車站（站點）,
transportes,vocabulário,a estação,station,車站（火車/地鐵站）,
transportes,vocabulário,o fiscal,ticket inspector,查票員,
transportes,vocabulário,a multa,fine,罰款,
transportes,vocabulário,o horário,timetable,時刻表,
transportes,vocabulário,a zona,fare zone,票價區,
transportes,vocabulário,o elétrico,tram,有軌電車,
transportes,script,"Boa tarde, queria fazer o passe navegante.","Good afternoon, I'd like to get a navegante pass.",下午好，我想辦一張navegante月票。,
transportes,script,Precisa de uma fotografia e de um documento de identificação.,You need a photo and an ID document.,需要一張照片和一份身份證件。,
transportes,script,Posso carregar o passe mensal já hoje?,Can I load the monthly pass today?,今天就可以充值月票嗎？,
transportes,script,"Sim, na máquina ou aqui ao balcão.","Yes, at the machine or here at the counter.",可以，在售票機或這個櫃檯都行。,
transportes,script,Este autocarro vai para o centro?,Does this bus go to the city centre?,這班公交去市中心嗎？,
transportes,script,"Vai, sim. Não se esqueça de validar o cartão ao entrar.",It does. Don't forget to validate your card when boarding.,去的。上車別忘了打卡。,
transportes,script,Onde fica a paragem para o sentido contrário?,Where is the stop for the opposite direction?,反方向的車站在哪裡？,
transportes,cheat_sheet,"Queria fazer o passe, por favor.","I'd like to get a travel pass, please.",我想辦一張月票，麻煩您。,
transportes,cheat_sheet,Queria carregar o passe mensal.,I'd like to top up the monthly pass.,我想給月票充值。,
transportes,cheat_sheet,Este autocarro / metro vai para…?,Does this bus / metro go to…?,這班公交／地鐵去……嗎？,
transportes,cheat_sheet,Onde valido o bilhete?,Where do I validate the ticket?,在哪裡打卡驗票？,
transportes,cheat_sheet,A que horas passa o último?,What time is the last one?,末班車幾點？,
trabalho_hotelaria,vocabulário,o turno (da manhã / da tarde / da noite),shift (morning / afternoon / night),班次（早班／午班／夜班）,
trabalho_hotelaria,vocabulário,a governanta,head housekeeper,客房部主管,
trabalho_hotelaria,vocabulário,arrumar os quartos,to make up the rooms,整理客房,
trabalho_hotelaria,vocabulário,mudar os lençóis / as toalhas,to change the sheets / towels,更換床單／毛巾,
trabalho_hotelaria,vocabulário,o carrinho de limpeza,housekeeping cart,清潔工作車,
trabalho_hotelaria,vocabulário,o hóspede,guest,住客,
trabalho_hotelaria,vocabulário,a receção,reception / front desk,前台,
trabalho_hotelaria,vocabulário,o check-in / o check-out,check-in / check-out,入住／退房,
trabalho_hotelaria,vocabulário,o cartão do quarto,room key card,房卡,
trabalho_hotelaria,vocabulário,a folga,day off,休息日,
trabalho_hotelaria,vocabulário,as horas extra,overtime,加班,
trabalho_hotelaria,vocabulário,o uniforme,uniform,制服,
trabalho_hotelaria,vocabulário,o andar,floor (storey),樓層,
trabalho_hotelaria,script,Bom dia! Hoje fazes os quartos do terceiro andar.,Good morning! Today you're doing the third-floor rooms.,早上好！今天你負責三樓的客房。,
trabalho_hotelaria,script,Está bem. Quantos check-outs há?,Alright. How many check-outs are there?,好的。有幾間退房？,
trabalho_hotelaria,script,Seis. Os quartos 302 e 305 são só arrumação.,Six. Rooms 302 and 305 are tidy-up only.,六間。302和305只需整理。,
trabalho_hotelaria,script,Faltam toalhas no carrinho — onde vou buscar?,The cart is out of towels — where do I get more?,工作車上毛巾不夠了——去哪裡拿？,
trabalho_hotelaria,script,"Na rouparia, ao fundo do corredor.","In the linen room, at the end of the corridor.",在走廊盡頭的布草房。,
trabalho_hotelaria,script,Um hóspede pediu mais uma almofada para o 310.,A guest asked for an extra pillow for room 310.,有位住客要求給310房加一個枕頭。,
trabalho_hotelaria,script,"Eu levo. A tua folga esta semana é na quinta, pode ser?","I'll take it. Your day off this week is Thursday, is that okay?",我送過去。你這週四休息，可以嗎？,
trabalho_hotelaria,cheat_sheet,A que horas começa o meu turno?,What time does my shift start?,我的班幾點開始？,
trabalho_hotelaria,cheat_sheet,O quarto está pronto.,The room is ready.,房間已經整理好了。,
trabalho_hotelaria,cheat_sheet,Faltam toalhas / lençóis / amenities.,We're out of towels / sheets / amenities.,毛巾／床單／客用品不夠了。,
trabalho_hotelaria,cheat_sheet,O hóspede do [n.º] pediu…,The guest in [room no.] asked for…,[房號]的住客要求……,
trabalho_hotelaria,cheat_sheet,Posso trocar a folga esta semana?,Can I swap my day off this week?,這週的休息日可以調換嗎？,
trabalho_hotelaria,cheat_sheet,Fiz duas horas extra hoje.,I did two hours of overtime today.,我今天加了兩個小時的班。,
trabalho_restauracao,vocabulário,o empregado / a empregada de mesa,waiter / waitress,服務員,
trabalho_restauracao,vocabulário,o ajudante de cozinha,kitchen assistant,廚房幫工,
trabalho_restauracao,vocabulário,a ementa / o menu,menu,菜單,
trabalho_restauracao,vocabulário,o prato do dia,dish of the day,今日特餐,
trabalho_restauracao,vocabulário,anotar o pedido,to take the order,記錄點單,
trabalho_restauracao,vocabulário,a esplanada,outdoor terrace,露天座位,
trabalho_restauracao,vocabulário,o balcão,the counter / bar,吧台／櫃檯,
trabalho_restauracao,vocabulário,os talheres / o guardanapo,cutlery / napkin,餐具／餐巾,
trabalho_restauracao,vocabulário,a conta,the bill,賬單,
trabalho_restauracao,vocabulário,a gorjeta,tip,小費,
trabalho_restauracao,vocabulário,lavar a loiça,to wash the dishes,洗碗,
trabalho_restauracao,vocabulário,a comanda,order slip,點菜單,
trabalho_restauracao,vocabulário,Bom proveito!,Enjoy your meal!,請慢用！,
trabalho_restauracao,script,Boa tarde! Mesa para dois?,Good afternoon! Table for two?,下午好！兩位嗎？,
trabalho_restauracao,script,Posso anotar o pedido?,May I take your order?,可以點單了嗎？,
trabalho_restauracao,script,O que é o prato do dia?,What's the dish of the day?,今日特餐是什麼？,
trabalho_restauracao,script,Hoje é bacalhau à Brás. Vem com salada.,Today it's cod 'à Brás'. It comes with salad.,今天是布拉斯式馬介休，配沙拉。,
trabalho_restauracao,script,Marchar duas doses de bacalhau para a mesa cinco!,"Two portions of cod for table five, fire away!",五號桌兩份馬介休，起菜！,
trabalho_restauracao,script,"A conta, por favor. — Com certeza, já trago.","The bill, please. — Of course, right away.",麻煩結賬。——好的，馬上來。,
trabalho_restauracao,script,Podes fechar a esplanada e limpar as mesas?,Can you close the terrace and clean the tables?,你可以收露天座位、擦一下桌子嗎？,
trabalho_restauracao,cheat_sheet,Bem-vindos! Mesa para quantas pessoas?,Welcome! A table for how many?,歡迎光臨！幾位？,
trabalho_restauracao,cheat_sheet,Posso anotar o pedido?,May I take your order?,可以點單了嗎？,
trabalho_restauracao,cheat_sheet,Recomendo o prato do dia.,I recommend the dish of the day.,我推薦今日特餐。,
trabalho_restauracao,cheat_sheet,Bom proveito!,Enjoy your meal!,請慢用！,
trabalho_restauracao,cheat_sheet,Desejam mais alguma coisa?,Would you like anything else?,還需要別的嗎？,
trabalho_restauracao,cheat_sheet,Aqui está a conta. Pagam junto ou separado?,Here's the bill. Together or separately?,這是賬單。一起付還是分開付？,
trabalho_limpezas,vocabulário,a empregada / o empregado de limpeza,cleaner,清潔工,
trabalho_limpezas,vocabulário,o produto de limpeza,cleaning product,清潔劑,
trabalho_limpezas,vocabulário,a lixívia,bleach,漂白水,
trabalho_limpezas,vocabulário,a esfregona e o balde,mop and bucket,拖把和水桶,
trabalho_limpezas,vocabulário,aspirar,to vacuum,吸塵,
trabalho_limpezas,vocabulário,limpar o pó,to dust,擦灰塵,
trabalho_limpezas,vocabulário,esfregar o chão,to mop/scrub the floor,拖地／擦地,
trabalho_limpezas,vocabulário,o lixo / a reciclagem,rubbish / recycling,垃圾／回收,
trabalho_limpezas,vocabulário,as luvas,gloves,手套,
trabalho_limpezas,vocabulário,à hora / por horas,paid by the hour,按小時計酬,
trabalho_limpezas,vocabulário,a patroa / o patrão,employer (informal),僱主（東家）,
trabalho_limpezas,vocabulário,os recibos verdes,freelance receipts,綠色收據（自僱開票）,Very common in domestic cleaning
trabalho_limpezas,script,Bom dia. Procuro alguém para limpezas duas vezes por semana.,Good morning. I'm looking for someone to clean twice a week.,早上好。我想找人一週打掃兩次。,
trabalho_limpezas,script,Eu tenho disponibilidade às terças e sextas de manhã.,I'm available Tuesday and Friday mornings.,我週二和週五上午有空。,
trabalho_limpezas,script,Quanto cobra à hora?,How much do you charge per hour?,您每小時收多少錢？,
trabalho_limpezas,script,"Doze euros à hora, com recibo verde.","Twelve euros an hour, with a freelance receipt.",每小時十二歐元，開綠色收據。,
trabalho_limpezas,script,Está bem. O material de limpeza fica cá em casa.,Alright. The cleaning supplies are kept here at the house.,好的。清潔用品放在家裡。,
trabalho_limpezas,script,Prefere que aspire primeiro e depois esfregue o chão?,Do you prefer I vacuum first and then mop?,您希望我先吸塵再拖地嗎？,
trabalho_limpezas,script,"Sim, e atenção: não use lixívia no chão de madeira.","Yes, and careful: don't use bleach on the wooden floor.",對，注意：木地板不要用漂白水。,
trabalho_limpezas,cheat_sheet,Cobro X euros à hora.,I charge X euros per hour.,我每小時收X歐元。,
trabalho_limpezas,cheat_sheet,Passo recibo verde.,I issue a freelance receipt.,我開綠色收據。,
trabalho_limpezas,cheat_sheet,Tenho disponibilidade às [dias] de [manhã/tarde].,I'm available on [days] in the [morning/afternoon].,我[星期幾][上午/下午]有空。,
trabalho_limpezas,cheat_sheet,O material fica em casa ou trago eu?,Are supplies kept at the house or do I bring them?,清潔用品放在家裡還是我自帶？,
trabalho_limpezas,cheat_sheet,Terminei — está tudo limpo.,I'm done — everything is clean.,做完了——都打掃乾淨了。,
trabalho_construcao,vocabulário,a obra / o estaleiro,building site,工地,
trabalho_construcao,vocabulário,o servente,labourer,小工（雜工）,
trabalho_construcao,vocabulário,o pedreiro,bricklayer / mason,泥瓦工,
trabalho_construcao,vocabulário,o encarregado da obra,site foreman,工地領班,
trabalho_construcao,vocabulário,o capacete,hard hat,安全帽,
trabalho_construcao,vocabulário,as botas de proteção,safety boots,安全鞋,
trabalho_construcao,vocabulário,o colete refletor,hi-vis vest,反光背心,
trabalho_construcao,vocabulário,o EPI (equipamento de proteção individual),PPE (personal protective equipment),個人防護裝備,Mandatory; refusing unsafe work is your right
trabalho_construcao,vocabulário,o andaime,scaffolding,腳手架,
trabalho_construcao,vocabulário,o cimento / o betão,cement / concrete,水泥／混凝土,
trabalho_construcao,vocabulário,o tijolo,brick,磚,
trabalho_construcao,vocabulário,a betoneira,cement mixer,攪拌機,
trabalho_construcao,vocabulário,o contrato de trabalho,work contract,勞動合同,Insist on one — protects wages and NISS
trabalho_construcao,script,Bom dia. Hoje ficas a ajudar o pedreiro no segundo piso.,Good morning. Today you're helping the mason on the second floor.,早上好。今天你在二樓給泥瓦工打下手。,
trabalho_construcao,script,Entendido. Onde estão os capacetes?,Understood. Where are the hard hats?,明白。安全帽在哪裡？,
trabalho_construcao,script,No contentor. O EPI é obrigatório em toda a obra.,In the container. PPE is mandatory on the whole site.,在集裝箱裡。整個工地都必須穿戴防護裝備。,
trabalho_construcao,script,Precisamos de mais cimento para a betoneira.,We need more cement for the mixer.,攪拌機需要再加水泥。,
trabalho_construcao,script,Cuidado com o andaime — ainda não está fixo.,Careful with the scaffolding — it's not secured yet.,小心腳手架——還沒固定好。,
trabalho_construcao,script,A que horas é a pausa para almoço?,What time is the lunch break?,午飯休息是幾點？,
trabalho_construcao,script,Ao meio-dia. E não te esqueças de assinar a folha de presença.,At noon. And don't forget to sign the attendance sheet.,中午十二點。別忘了在考勤表上簽名。,
trabalho_construcao,cheat_sheet,Onde está o meu EPI?,Where's my PPE?,我的防護裝備在哪裡？,
trabalho_construcao,cheat_sheet,Isto não é seguro — o andaime não está fixo.,This isn't safe — the scaffolding isn't secured.,這不安全——腳手架沒固定。,
trabalho_construcao,cheat_sheet,Preciso de mais cimento / tijolos.,We need more cement / bricks.,需要再來些水泥／磚。,
trabalho_construcao,cheat_sheet,A que horas é a pausa?,What time is the break?,休息是幾點？,
trabalho_construcao,cheat_sheet,Quando assinamos o contrato de trabalho?,When do we sign the work contract?,什麼時候簽勞動合同？,
trabalho_construcao,cheat_sheet,Magoei-me — preciso do kit de primeiros socorros.,I've hurt myself — I need the first-aid kit.,我受傷了——需要急救箱。,
trabalho_entregas,vocabulário,o estafeta,delivery rider/courier,外賣員／快遞員,
trabalho_entregas,vocabulário,a entrega,delivery,配送,
trabalho_entregas,vocabulário,o pedido,the order,訂單,
trabalho_entregas,vocabulário,a mochila térmica,thermal delivery bag,保溫配送箱,
trabalho_entregas,vocabulário,a aplicação / a app,the app,應用程式,
trabalho_entregas,vocabulário,a morada,address,地址,
trabalho_entregas,vocabulário,o código da porta,door/entry code,門禁密碼,
trabalho_entregas,vocabulário,o interfone / a campainha,intercom / doorbell,對講機／門鈴,
trabalho_entregas,vocabulário,ligar ao cliente,to call the customer,給顧客打電話,
trabalho_entregas,vocabulário,o rés-do-chão / o andar,ground floor / floor,一樓（地面層）／樓層,
trabalho_entregas,vocabulário,a mota / a bicicleta,motorbike / bicycle,摩托車／自行車,
trabalho_entregas,vocabulário,o trânsito,traffic,交通（堵車）,
trabalho_entregas,script,"Boa noite, tenho uma entrega para o João.","Good evening, I have a delivery for João.",晚上好，有João的外賣。,
trabalho_entregas,script,É no terceiro andar. O código da porta é 1530.,It's on the third floor. The door code is 1530.,在三樓。門禁密碼是1530。,
trabalho_entregas,script,O interfone não funciona — pode descer para levantar o pedido?,The intercom isn't working — can you come down to collect the order?,對講機壞了——您可以下來取餐嗎？,
trabalho_entregas,script,"Estou na entrada, com a mochila vermelha.","I'm at the entrance, with the red delivery bag.",我在門口，背紅色保溫箱。,
trabalho_entregas,script,"Desculpe o atraso, havia muito trânsito.","Sorry for the delay, there was a lot of traffic.",抱歉來晚了，路上很堵。,
trabalho_entregas,script,"Confirma o pedido na app, por favor. Boa noite!",Please confirm the order in the app. Good night!,請在應用裡確認收餐。晚安！,
trabalho_entregas,cheat_sheet,Tenho uma entrega para [nome].,I have a delivery for [name].,有[姓名]的外賣。,
trabalho_entregas,cheat_sheet,Qual é o código da porta?,What's the door code?,門禁密碼是多少？,
trabalho_entregas,cheat_sheet,Pode descer para levantar o pedido?,Can you come down to collect the order?,您可以下來取餐嗎？,
trabalho_entregas,cheat_sheet,Estou na entrada do prédio.,I'm at the building entrance.,我在樓門口。,
trabalho_entregas,cheat_sheet,Desculpe o atraso — muito trânsito.,Sorry for the delay — heavy traffic.,抱歉來晚了——路上很堵。,
